"","education","income","personal_gun_ownership","supports_biden"
"1","High school or less","Under $30,000","Personally own a gun","no"
"2","Postgraduate study","$100,000 to $199,000","Not sure","yes"
"3","Some college","$100,000 to $199,000","Personally own a gun","yes"
"4","High school or less","$200,000 or more","No one in the household owns a gun","yes"
"5","High school or less","$100,000 to $199,000","Not sure","yes"
"6","High school or less","Under $30,000","Not sure","no"
"7","College graduate","$30,000 to $49,999","Not sure","yes"
"8","High school or less","$30,000 to $49,999","Don't personally own a gun, but someone in the household owns a gun","no"
"9","Some college","$200,000 or more","Personally own a gun","yes"
"10","Postgraduate study","$50,000 to $99,999","No one in the household owns a gun","yes"
"11","College graduate","$200,000 or more","Not sure","yes"
"12","College graduate","$50,000 to $99,999","Personally own a gun","yes"
"13","High school or less","$100,000 to $199,000","Not sure","yes"
"14","College graduate","$200,000 or more","Personally own a gun","yes"
"15","College graduate","$50,000 to $99,999","Don't personally own a gun, but someone in the household owns a gun","yes"
"16","College graduate","Under $30,000","No one in the household owns a gun","yes"
"17","College graduate","Under $30,000","Don't personally own a gun, but someone in the household owns a gun","yes"
"18","College graduate","$200,000 or more","Don't personally own a gun, but someone in the household owns a gun","yes"
"19","Some college","Under $30,000","No one in the household owns a gun","no"
"20","High school or less","Under $30,000","Don't personally own a gun, but someone in the household owns a gun","no"
"21","Some college","$200,000 or more","Not sure","yes"
"22","Postgraduate study","$50,000 to $99,999","Not sure","yes"
"23","High school or less","Under $30,000","Don't personally own a gun, but someone in the household owns a gun","no"
"24","Postgraduate study","$30,000 to $49,999","No one in the household owns a gun","yes"
"25","Postgraduate study","$200,000 or more","Don't personally own a gun, but someone in the household owns a gun","yes"
"26","Postgraduate study","$200,000 or more","Personally own a gun","yes"
"27","Some college","$200,000 or more","No one in the household owns a gun","yes"
"28","High school or less","$200,000 or more","Not sure","yes"
"29","Some college","$30,000 to $49,999","Don't personally own a gun, but someone in the household owns a gun","yes"
"30","High school or less","$50,000 to $99,999","Not sure","yes"
"31","High school or less","$200,000 or more","No one in the household owns a gun","yes"
"32","Postgraduate study","$30,000 to $49,999","Not sure","yes"
"33","College graduate","$200,000 or more","No one in the household owns a gun","yes"
"34","Some college","$100,000 to $199,000","Don't personally own a gun, but someone in the household owns a gun","yes"
"35","High school or less","Under $30,000","Not sure","no"
"36","College graduate","$100,000 to $199,000","Not sure","yes"
"37","College graduate","Under $30,000","No one in the household owns a gun","no"
"38","Some college","$30,000 to $49,999","Not sure","yes"
"39","College graduate","$200,000 or more","Not sure","yes"
"40","High school or less","$100,000 to $199,000","Not sure","yes"
"41","College graduate","Under $30,000","Not sure","yes"
"42","Postgraduate study","Under $30,000","Don't personally own a gun, but someone in the household owns a gun","yes"
"43","Some college","$200,000 or more","Not sure","yes"
"44","Postgraduate study","Under $30,000","Don't personally own a gun, but someone in the household owns a gun","yes"
"45","Some college","Under $30,000","No one in the household owns a gun","no"
"46","High school or less","Under $30,000","Personally own a gun","no"
"47","Postgraduate study","$200,000 or more","Don't personally own a gun, but someone in the household owns a gun","yes"
"48","Some college","$30,000 to $49,999","Personally own a gun","no"
"49","High school or less","Under $30,000","Don't personally own a gun, but someone in the household owns a gun","no"
"50","Postgraduate study","$200,000 or more","Not sure","yes"
"51","Some college","$100,000 to $199,000","Not sure","yes"
"52","Postgraduate study","$50,000 to $99,999","Not sure","yes"
"53","High school or less","$30,000 to $49,999","Don't personally own a gun, but someone in the household owns a gun","no"
"54","Some college","$100,000 to $199,000","Not sure","yes"
"55","College graduate","$30,000 to $49,999","Don't personally own a gun, but someone in the household owns a gun","yes"
"56","High school or less","$200,000 or more","No one in the household owns a gun","yes"
"57","High school or less","Under $30,000","Not sure","yes"
"58","High school or less","$100,000 to $199,000","No one in the household owns a gun","yes"
"59","High school or less","$200,000 or more","No one in the household owns a gun","yes"
"60","High school or less","$100,000 to $199,000","No one in the household owns a gun","yes"
"61","College graduate","Under $30,000","Not sure","yes"
"62","Postgraduate study","Under $30,000","Don't personally own a gun, but someone in the household owns a gun","no"
"63","Some college","$50,000 to $99,999","No one in the household owns a gun","yes"
"64","High school or less","$30,000 to $49,999","No one in the household owns a gun","yes"
"65","Some college","$50,000 to $99,999","Personally own a gun","no"
"66","Postgraduate study","$30,000 to $49,999","No one in the household owns a gun","yes"
"67","High school or less","$50,000 to $99,999","Not sure","yes"
"68","High school or less","$50,000 to $99,999","Not sure","yes"
"69","Postgraduate study","$100,000 to $199,000","Personally own a gun","yes"
"70","Postgraduate study","$200,000 or more","No one in the household owns a gun","yes"
"71","Some college","$50,000 to $99,999","Not sure","yes"
"72","College graduate","$100,000 to $199,000","Not sure","yes"
"73","Postgraduate study","$100,000 to $199,000","Don't personally own a gun, but someone in the household owns a gun","yes"
"74","High school or less","$200,000 or more","Personally own a gun","yes"
"75","Some college","$100,000 to $199,000","No one in the household owns a gun","yes"
"76","High school or less","$100,000 to $199,000","No one in the household owns a gun","yes"
"77","High school or less","$30,000 to $49,999","Not sure","no"
"78","Postgraduate study","$100,000 to $199,000","No one in the household owns a gun","yes"
"79","Postgraduate study","$100,000 to $199,000","Personally own a gun","yes"
"80","College graduate","$30,000 to $49,999","Don't personally own a gun, but someone in the household owns a gun","yes"
"81","College graduate","$30,000 to $49,999","Not sure","yes"
"82","College graduate","$100,000 to $199,000","Don't personally own a gun, but someone in the household owns a gun","yes"
"83","High school or less","$100,000 to $199,000","Don't personally own a gun, but someone in the household owns a gun","yes"
"84","College graduate","$100,000 to $199,000","Not sure","yes"
"85","Postgraduate study","$50,000 to $99,999","Personally own a gun","yes"
"86","Postgraduate study","$100,000 to $199,000","No one in the household owns a gun","yes"
"87","Some college","$200,000 or more","No one in the household owns a gun","yes"
"88","College graduate","Under $30,000","Don't personally own a gun, but someone in the household owns a gun","no"
"89","High school or less","$100,000 to $199,000","No one in the household owns a gun","yes"
"90","Some college","$50,000 to $99,999","No one in the household owns a gun","yes"
"91","College graduate","$30,000 to $49,999","Personally own a gun","no"
"92","College graduate","Under $30,000","No one in the household owns a gun","yes"
"93","Some college","$50,000 to $99,999","Don't personally own a gun, but someone in the household owns a gun","no"
"94","High school or less","$30,000 to $49,999","Don't personally own a gun, but someone in the household owns a gun","no"
"95","High school or less","Under $30,000","Personally own a gun","no"
"96","College graduate","Under $30,000","Don't personally own a gun, but someone in the household owns a gun","yes"
"97","High school or less","$100,000 to $199,000","Don't personally own a gun, but someone in the household owns a gun","yes"
"98","High school or less","$200,000 or more","Personally own a gun","yes"
"99","College graduate","$100,000 to $199,000","Not sure","yes"
"100","Postgraduate study","Under $30,000","Not sure","yes"
"101","College graduate","$200,000 or more","No one in the household owns a gun","yes"
"102","Some college","$100,000 to $199,000","Not sure","yes"
"103","Postgraduate study","$30,000 to $49,999","Don't personally own a gun, but someone in the household owns a gun","yes"
"104","Postgraduate study","$30,000 to $49,999","Don't personally own a gun, but someone in the household owns a gun","yes"
"105","Postgraduate study","$50,000 to $99,999","No one in the household owns a gun","yes"
"106","High school or less","$30,000 to $49,999","Personally own a gun","yes"
"107","Postgraduate study","$100,000 to $199,000","Personally own a gun","yes"
"108","Postgraduate study","Under $30,000","Not sure","yes"
"109","High school or less","Under $30,000","No one in the household owns a gun","no"
"110","High school or less","$100,000 to $199,000","Personally own a gun","no"
"111","Some college","Under $30,000","Not sure","yes"
"112","College graduate","$100,000 to $199,000","Don't personally own a gun, but someone in the household owns a gun","yes"
"113","Postgraduate study","$50,000 to $99,999","Personally own a gun","yes"
"114","Postgraduate study","$200,000 or more","No one in the household owns a gun","yes"
"115","High school or less","Under $30,000","Personally own a gun","no"
"116","Postgraduate study","$200,000 or more","Not sure","yes"
"117","College graduate","$30,000 to $49,999","Not sure","yes"
"118","College graduate","Under $30,000","Don't personally own a gun, but someone in the household owns a gun","no"
"119","High school or less","$30,000 to $49,999","Don't personally own a gun, but someone in the household owns a gun","yes"
"120","High school or less","$200,000 or more","Don't personally own a gun, but someone in the household owns a gun","yes"
"121","High school or less","$50,000 to $99,999","Don't personally own a gun, but someone in the household owns a gun","yes"
"122","High school or less","$30,000 to $49,999","Not sure","yes"
"123","College graduate","Under $30,000","Don't personally own a gun, but someone in the household owns a gun","no"
"124","Postgraduate study","$200,000 or more","Personally own a gun","yes"
"125","College graduate","$50,000 to $99,999","Don't personally own a gun, but someone in the household owns a gun","yes"
"126","Some college","Under $30,000","Don't personally own a gun, but someone in the household owns a gun","yes"
"127","High school or less","$30,000 to $49,999","Don't personally own a gun, but someone in the household owns a gun","yes"
"128","High school or less","$50,000 to $99,999","Personally own a gun","yes"
"129","Postgraduate study","Under $30,000","No one in the household owns a gun","yes"
"130","Some college","$50,000 to $99,999","Not sure","yes"
"131","Some college","$100,000 to $199,000","Personally own a gun","yes"
"132","Postgraduate study","Under $30,000","Don't personally own a gun, but someone in the household owns a gun","yes"
"133","Postgraduate study","$30,000 to $49,999","Not sure","yes"
"134","High school or less","$100,000 to $199,000","Not sure","yes"
"135","College graduate","Under $30,000","Don't personally own a gun, but someone in the household owns a gun","no"
"136","High school or less","$30,000 to $49,999","Personally own a gun","no"
"137","High school or less","$100,000 to $199,000","Personally own a gun","yes"
"138","College graduate","Under $30,000","Personally own a gun","no"
"139","Postgraduate study","$100,000 to $199,000","Personally own a gun","yes"
"140","Postgraduate study","$200,000 or more","Don't personally own a gun, but someone in the household owns a gun","yes"
"141","College graduate","$200,000 or more","No one in the household owns a gun","yes"
"142","Postgraduate study","$30,000 to $49,999","Don't personally own a gun, but someone in the household owns a gun","yes"
"143","College graduate","$30,000 to $49,999","Don't personally own a gun, but someone in the household owns a gun","yes"
"144","College graduate","$30,000 to $49,999","No one in the household owns a gun","yes"
"145","High school or less","$200,000 or more","Personally own a gun","yes"
"146","Some college","$50,000 to $99,999","No one in the household owns a gun","yes"
"147","Postgraduate study","$100,000 to $199,000","No one in the household owns a gun","yes"
"148","College graduate","$100,000 to $199,000","Personally own a gun","yes"
"149","Some college","$50,000 to $99,999","Not sure","yes"
"150","Postgraduate study","$30,000 to $49,999","Not sure","yes"
"151","High school or less","$50,000 to $99,999","Don't personally own a gun, but someone in the household owns a gun","yes"
"152","High school or less","$50,000 to $99,999","Personally own a gun","yes"
"153","College graduate","Under $30,000","Don't personally own a gun, but someone in the household owns a gun","yes"
"154","High school or less","Under $30,000","Personally own a gun","no"
"155","College graduate","$100,000 to $199,000","Personally own a gun","yes"
"156","Some college","$50,000 to $99,999","Don't personally own a gun, but someone in the household owns a gun","yes"
"157","Some college","Under $30,000","Personally own a gun","no"
"158","Some college","$200,000 or more","Personally own a gun","yes"
"159","College graduate","$30,000 to $49,999","Personally own a gun","yes"
"160","Postgraduate study","$50,000 to $99,999","Personally own a gun","yes"
"161","Some college","$50,000 to $99,999","Not sure","yes"
"162","High school or less","$100,000 to $199,000","Not sure","yes"
"163","High school or less","Under $30,000","Not sure","no"
"164","Postgraduate study","Under $30,000","No one in the household owns a gun","yes"
"165","High school or less","$50,000 to $99,999","Personally own a gun","yes"
"166","College graduate","$50,000 to $99,999","Personally own a gun","yes"
"167","Some college","$30,000 to $49,999","Not sure","yes"
"168","High school or less","Under $30,000","Don't personally own a gun, but someone in the household owns a gun","no"
"169","High school or less","Under $30,000","Not sure","no"
"170","Some college","Under $30,000","Personally own a gun","no"
"171","High school or less","$100,000 to $199,000","Not sure","yes"
"172","High school or less","$50,000 to $99,999","Don't personally own a gun, but someone in the household owns a gun","yes"
"173","High school or less","$200,000 or more","Personally own a gun","yes"
"174","Postgraduate study","$200,000 or more","No one in the household owns a gun","yes"
"175","College graduate","$30,000 to $49,999","Personally own a gun","no"
"176","Some college","Under $30,000","No one in the household owns a gun","yes"
"177","Postgraduate study","$30,000 to $49,999","Don't personally own a gun, but someone in the household owns a gun","yes"
"178","College graduate","$30,000 to $49,999","No one in the household owns a gun","yes"
"179","Postgraduate study","$30,000 to $49,999","Don't personally own a gun, but someone in the household owns a gun","yes"
"180","Postgraduate study","$30,000 to $49,999","Not sure","yes"
"181","Postgraduate study","Under $30,000","Personally own a gun","no"
"182","College graduate","$200,000 or more","No one in the household owns a gun","yes"
"183","Postgraduate study","Under $30,000","Don't personally own a gun, but someone in the household owns a gun","yes"
"184","High school or less","$100,000 to $199,000","No one in the household owns a gun","yes"
"185","High school or less","Under $30,000","Don't personally own a gun, but someone in the household owns a gun","no"
"186","Some college","$200,000 or more","Not sure","yes"
"187","College graduate","$30,000 to $49,999","Personally own a gun","no"
"188","Postgraduate study","$50,000 to $99,999","Not sure","yes"
"189","College graduate","$30,000 to $49,999","No one in the household owns a gun","yes"
"190","Some college","$200,000 or more","Not sure","yes"
"191","College graduate","$100,000 to $199,000","Don't personally own a gun, but someone in the household owns a gun","yes"
"192","College graduate","Under $30,000","Not sure","yes"
"193","High school or less","$100,000 to $199,000","Don't personally own a gun, but someone in the household owns a gun","yes"
"194","Some college","$100,000 to $199,000","Don't personally own a gun, but someone in the household owns a gun","yes"
"195","High school or less","$50,000 to $99,999","Don't personally own a gun, but someone in the household owns a gun","yes"
"196","Some college","$100,000 to $199,000","No one in the household owns a gun","yes"
"197","Postgraduate study","Under $30,000","Personally own a gun","yes"
"198","High school or less","$100,000 to $199,000","Not sure","yes"
"199","High school or less","$200,000 or more","Personally own a gun","yes"
"200","Postgraduate study","$30,000 to $49,999","Don't personally own a gun, but someone in the household owns a gun","yes"
"201","Postgraduate study","$100,000 to $199,000","No one in the household owns a gun","yes"
"202","Postgraduate study","$100,000 to $199,000","No one in the household owns a gun","yes"
"203","Some college","$30,000 to $49,999","Don't personally own a gun, but someone in the household owns a gun","yes"
"204","Some college","Under $30,000","Not sure","yes"
"205","College graduate","Under $30,000","Don't personally own a gun, but someone in the household owns a gun","yes"
"206","High school or less","$100,000 to $199,000","Not sure","yes"
"207","High school or less","Under $30,000","No one in the household owns a gun","yes"
"208","Some college","$30,000 to $49,999","Don't personally own a gun, but someone in the household owns a gun","yes"
"209","High school or less","$30,000 to $49,999","No one in the household owns a gun","no"
"210","High school or less","$30,000 to $49,999","Don't personally own a gun, but someone in the household owns a gun","yes"
"211","High school or less","$200,000 or more","Don't personally own a gun, but someone in the household owns a gun","yes"
"212","Some college","Under $30,000","Not sure","yes"
"213","Some college","$100,000 to $199,000","No one in the household owns a gun","yes"
"214","College graduate","$100,000 to $199,000","Personally own a gun","yes"
"215","College graduate","$100,000 to $199,000","No one in the household owns a gun","yes"
"216","Some college","$200,000 or more","No one in the household owns a gun","yes"
"217","Postgraduate study","$30,000 to $49,999","Personally own a gun","yes"
"218","Postgraduate study","$50,000 to $99,999","Don't personally own a gun, but someone in the household owns a gun","yes"
"219","Some college","$100,000 to $199,000","Don't personally own a gun, but someone in the household owns a gun","yes"
"220","Some college","$100,000 to $199,000","Personally own a gun","yes"
"221","Postgraduate study","$50,000 to $99,999","Personally own a gun","yes"
"222","Postgraduate study","Under $30,000","Not sure","yes"
"223","College graduate","$100,000 to $199,000","Don't personally own a gun, but someone in the household owns a gun","yes"
"224","Some college","$200,000 or more","Don't personally own a gun, but someone in the household owns a gun","yes"
"225","Postgraduate study","$50,000 to $99,999","Don't personally own a gun, but someone in the household owns a gun","yes"
"226","Some college","$30,000 to $49,999","No one in the household owns a gun","yes"
"227","College graduate","Under $30,000","Don't personally own a gun, but someone in the household owns a gun","no"
"228","Postgraduate study","$100,000 to $199,000","Not sure","yes"
"229","High school or less","$30,000 to $49,999","Not sure","yes"
"230","Some college","$100,000 to $199,000","Don't personally own a gun, but someone in the household owns a gun","yes"
"231","High school or less","$200,000 or more","Personally own a gun","yes"
"232","College graduate","Under $30,000","No one in the household owns a gun","yes"
"233","College graduate","$50,000 to $99,999","Not sure","yes"
"234","Postgraduate study","$50,000 to $99,999","Not sure","yes"
"235","College graduate","$50,000 to $99,999","Personally own a gun","yes"
"236","College graduate","$50,000 to $99,999","Personally own a gun","yes"
"237","Postgraduate study","$30,000 to $49,999","Don't personally own a gun, but someone in the household owns a gun","yes"
"238","High school or less","$100,000 to $199,000","Personally own a gun","no"
"239","College graduate","$50,000 to $99,999","Not sure","yes"
"240","Some college","$50,000 to $99,999","Personally own a gun","yes"
"241","Some college","$50,000 to $99,999","Not sure","yes"
"242","High school or less","$200,000 or more","Personally own a gun","yes"
"243","Some college","Under $30,000","No one in the household owns a gun","yes"
"244","High school or less","$50,000 to $99,999","Not sure","yes"
"245","Some college","$200,000 or more","Don't personally own a gun, but someone in the household owns a gun","yes"
"246","High school or less","$200,000 or more","Not sure","yes"
"247","High school or less","$50,000 to $99,999","No one in the household owns a gun","no"
"248","Postgraduate study","Under $30,000","Personally own a gun","yes"
"249","High school or less","$200,000 or more","Don't personally own a gun, but someone in the household owns a gun","yes"
"250","Postgraduate study","$50,000 to $99,999","Personally own a gun","yes"
"251","Postgraduate study","$100,000 to $199,000","Personally own a gun","yes"
"252","College graduate","$100,000 to $199,000","Personally own a gun","yes"
"253","College graduate","$100,000 to $199,000","No one in the household owns a gun","yes"
"254","Some college","$100,000 to $199,000","Not sure","yes"
"255","Some college","$50,000 to $99,999","Not sure","yes"
"256","Postgraduate study","$50,000 to $99,999","No one in the household owns a gun","yes"
"257","Postgraduate study","Under $30,000","Don't personally own a gun, but someone in the household owns a gun","yes"
"258","College graduate","$50,000 to $99,999","No one in the household owns a gun","yes"
"259","Postgraduate study","$200,000 or more","Personally own a gun","yes"
"260","Some college","$30,000 to $49,999","Not sure","yes"
"261","College graduate","$200,000 or more","Don't personally own a gun, but someone in the household owns a gun","yes"
"262","High school or less","$50,000 to $99,999","Not sure","yes"
"263","College graduate","$100,000 to $199,000","Personally own a gun","yes"
"264","Postgraduate study","$200,000 or more","No one in the household owns a gun","yes"
"265","College graduate","$100,000 to $199,000","Personally own a gun","yes"
"266","College graduate","$50,000 to $99,999","Don't personally own a gun, but someone in the household owns a gun","yes"
"267","College graduate","$50,000 to $99,999","Personally own a gun","yes"
"268","College graduate","Under $30,000","Not sure","yes"
"269","Postgraduate study","Under $30,000","No one in the household owns a gun","yes"
"270","College graduate","$30,000 to $49,999","Don't personally own a gun, but someone in the household owns a gun","yes"
"271","Postgraduate study","$200,000 or more","Personally own a gun","yes"
"272","Some college","$50,000 to $99,999","Don't personally own a gun, but someone in the household owns a gun","yes"
"273","High school or less","$200,000 or more","Not sure","yes"
"274","Some college","$200,000 or more","No one in the household owns a gun","yes"
"275","Some college","$30,000 to $49,999","Don't personally own a gun, but someone in the household owns a gun","yes"
"276","College graduate","Under $30,000","No one in the household owns a gun","yes"
"277","Some college","Under $30,000","Not sure","yes"
"278","College graduate","Under $30,000","Don't personally own a gun, but someone in the household owns a gun","yes"
"279","High school or less","Under $30,000","Personally own a gun","no"
"280","High school or less","$30,000 to $49,999","No one in the household owns a gun","no"
"281","College graduate","Under $30,000","Personally own a gun","no"
"282","College graduate","$100,000 to $199,000","Don't personally own a gun, but someone in the household owns a gun","yes"
"283","High school or less","$100,000 to $199,000","Not sure","yes"
"284","Postgraduate study","$100,000 to $199,000","Not sure","yes"
"285","Postgraduate study","$100,000 to $199,000","Not sure","yes"
"286","High school or less","$30,000 to $49,999","No one in the household owns a gun","yes"
"287","College graduate","$200,000 or more","Not sure","yes"
"288","High school or less","$30,000 to $49,999","Not sure","yes"
"289","High school or less","$200,000 or more","Not sure","yes"
"290","Postgraduate study","Under $30,000","No one in the household owns a gun","yes"
"291","Some college","$30,000 to $49,999","No one in the household owns a gun","no"
"292","College graduate","$100,000 to $199,000","Personally own a gun","yes"
"293","High school or less","$30,000 to $49,999","Don't personally own a gun, but someone in the household owns a gun","no"
"294","College graduate","$100,000 to $199,000","No one in the household owns a gun","yes"
"295","College graduate","$50,000 to $99,999","Personally own a gun","no"
"296","Some college","Under $30,000","No one in the household owns a gun","no"
"297","College graduate","$50,000 to $99,999","Don't personally own a gun, but someone in the household owns a gun","yes"
"298","Postgraduate study","Under $30,000","No one in the household owns a gun","yes"
"299","Some college","$50,000 to $99,999","Not sure","yes"
"300","Some college","$30,000 to $49,999","Not sure","yes"
"301","Postgraduate study","$100,000 to $199,000","Personally own a gun","yes"
"302","College graduate","$50,000 to $99,999","Personally own a gun","no"
"303","High school or less","$50,000 to $99,999","No one in the household owns a gun","yes"
"304","Some college","$200,000 or more","Don't personally own a gun, but someone in the household owns a gun","yes"
"305","Postgraduate study","$200,000 or more","Not sure","yes"
"306","High school or less","Under $30,000","Personally own a gun","no"
"307","Some college","$100,000 to $199,000","No one in the household owns a gun","yes"
"308","Some college","$30,000 to $49,999","No one in the household owns a gun","yes"
"309","Some college","Under $30,000","Not sure","yes"
"310","College graduate","$50,000 to $99,999","No one in the household owns a gun","yes"
"311","High school or less","$30,000 to $49,999","Personally own a gun","no"
"312","Some college","Under $30,000","Not sure","yes"
"313","High school or less","Under $30,000","Personally own a gun","no"
"314","Some college","$30,000 to $49,999","Don't personally own a gun, but someone in the household owns a gun","yes"
"315","Postgraduate study","$200,000 or more","Not sure","yes"
"316","High school or less","$50,000 to $99,999","Personally own a gun","yes"
"317","High school or less","$50,000 to $99,999","Not sure","yes"
"318","Postgraduate study","Under $30,000","Personally own a gun","yes"
"319","Some college","$100,000 to $199,000","Don't personally own a gun, but someone in the household owns a gun","yes"
"320","College graduate","Under $30,000","Don't personally own a gun, but someone in the household owns a gun","yes"
"321","High school or less","$200,000 or more","Personally own a gun","yes"
"322","College graduate","$50,000 to $99,999","No one in the household owns a gun","yes"
"323","Postgraduate study","$30,000 to $49,999","Not sure","yes"
"324","College graduate","$50,000 to $99,999","Don't personally own a gun, but someone in the household owns a gun","yes"
"325","High school or less","$200,000 or more","Not sure","yes"
"326","High school or less","$200,000 or more","Not sure","yes"
"327","High school or less","$50,000 to $99,999","Not sure","yes"
"328","College graduate","$200,000 or more","Don't personally own a gun, but someone in the household owns a gun","yes"
"329","Some college","$50,000 to $99,999","Personally own a gun","no"
"330","Some college","$200,000 or more","Don't personally own a gun, but someone in the household owns a gun","yes"
"331","College graduate","$50,000 to $99,999","Not sure","yes"
"332","High school or less","Under $30,000","Not sure","yes"
"333","College graduate","$200,000 or more","No one in the household owns a gun","yes"
"334","Postgraduate study","$200,000 or more","No one in the household owns a gun","yes"
"335","Some college","$100,000 to $199,000","No one in the household owns a gun","yes"
"336","High school or less","$30,000 to $49,999","No one in the household owns a gun","no"
"337","College graduate","$100,000 to $199,000","Not sure","yes"
"338","College graduate","$30,000 to $49,999","No one in the household owns a gun","yes"
"339","Postgraduate study","$50,000 to $99,999","No one in the household owns a gun","yes"
"340","High school or less","$100,000 to $199,000","Not sure","yes"
"341","High school or less","$50,000 to $99,999","Personally own a gun","yes"
"342","Some college","Under $30,000","Not sure","yes"
"343","Some college","Under $30,000","No one in the household owns a gun","yes"
"344","College graduate","Under $30,000","Don't personally own a gun, but someone in the household owns a gun","yes"
"345","College graduate","$100,000 to $199,000","Personally own a gun","yes"
"346","College graduate","$50,000 to $99,999","Personally own a gun","yes"
"347","College graduate","$100,000 to $199,000","Personally own a gun","yes"
"348","Postgraduate study","$200,000 or more","Don't personally own a gun, but someone in the household owns a gun","yes"
"349","Postgraduate study","$100,000 to $199,000","Not sure","yes"
"350","High school or less","$200,000 or more","No one in the household owns a gun","yes"
"351","Postgraduate study","$30,000 to $49,999","Don't personally own a gun, but someone in the household owns a gun","yes"
"352","College graduate","$30,000 to $49,999","Not sure","yes"
"353","College graduate","Under $30,000","Not sure","yes"
"354","College graduate","$100,000 to $199,000","Don't personally own a gun, but someone in the household owns a gun","yes"
"355","Postgraduate study","$30,000 to $49,999","No one in the household owns a gun","yes"
"356","Some college","$30,000 to $49,999","Don't personally own a gun, but someone in the household owns a gun","yes"
"357","Postgraduate study","Under $30,000","Personally own a gun","yes"
"358","Some college","Under $30,000","Not sure","no"
"359","Postgraduate study","$200,000 or more","Personally own a gun","yes"
"360","Some college","$50,000 to $99,999","Personally own a gun","no"
"361","Postgraduate study","Under $30,000","Don't personally own a gun, but someone in the household owns a gun","no"
"362","High school or less","$200,000 or more","Personally own a gun","yes"
"363","College graduate","$200,000 or more","Personally own a gun","yes"
"364","High school or less","$200,000 or more","Personally own a gun","yes"
"365","College graduate","$50,000 to $99,999","Not sure","yes"
"366","Some college","$100,000 to $199,000","Not sure","yes"
"367","College graduate","$50,000 to $99,999","Don't personally own a gun, but someone in the household owns a gun","yes"
"368","Some college","$200,000 or more","Don't personally own a gun, but someone in the household owns a gun","yes"
"369","College graduate","$200,000 or more","No one in the household owns a gun","yes"
"370","Some college","Under $30,000","Not sure","yes"
"371","College graduate","$30,000 to $49,999","Not sure","yes"
"372","Some college","Under $30,000","Not sure","yes"
"373","College graduate","$50,000 to $99,999","No one in the household owns a gun","yes"
"374","Postgraduate study","$200,000 or more","Not sure","yes"
"375","High school or less","$30,000 to $49,999","Not sure","yes"
"376","Some college","$30,000 to $49,999","Personally own a gun","no"
"377","Postgraduate study","$30,000 to $49,999","No one in the household owns a gun","yes"
"378","Some college","$100,000 to $199,000","No one in the household owns a gun","yes"
"379","High school or less","Under $30,000","Don't personally own a gun, but someone in the household owns a gun","no"
"380","Some college","$30,000 to $49,999","Not sure","yes"
"381","Some college","$30,000 to $49,999","Not sure","yes"
"382","Some college","$100,000 to $199,000","Not sure","yes"
"383","College graduate","$200,000 or more","Not sure","yes"
"384","College graduate","$100,000 to $199,000","Don't personally own a gun, but someone in the household owns a gun","yes"
"385","College graduate","$30,000 to $49,999","Don't personally own a gun, but someone in the household owns a gun","yes"
"386","Some college","$30,000 to $49,999","Personally own a gun","no"
"387","High school or less","$50,000 to $99,999","Personally own a gun","yes"
"388","High school or less","$30,000 to $49,999","No one in the household owns a gun","yes"
"389","Some college","$30,000 to $49,999","Not sure","yes"
"390","Some college","$100,000 to $199,000","Personally own a gun","yes"
"391","High school or less","$30,000 to $49,999","Personally own a gun","no"
"392","College graduate","$200,000 or more","Don't personally own a gun, but someone in the household owns a gun","yes"
"393","College graduate","$100,000 to $199,000","Don't personally own a gun, but someone in the household owns a gun","yes"
"394","High school or less","Under $30,000","Don't personally own a gun, but someone in the household owns a gun","no"
"395","Postgraduate study","$50,000 to $99,999","Personally own a gun","yes"
"396","Postgraduate study","$30,000 to $49,999","Don't personally own a gun, but someone in the household owns a gun","yes"
"397","College graduate","$100,000 to $199,000","Don't personally own a gun, but someone in the household owns a gun","yes"
"398","Postgraduate study","$200,000 or more","No one in the household owns a gun","yes"
"399","College graduate","$50,000 to $99,999","Personally own a gun","yes"
"400","College graduate","$50,000 to $99,999","Don't personally own a gun, but someone in the household owns a gun","yes"
"401","Some college","$30,000 to $49,999","No one in the household owns a gun","yes"
"402","Postgraduate study","$200,000 or more","Personally own a gun","yes"
"403","College graduate","Under $30,000","Don't personally own a gun, but someone in the household owns a gun","no"
"404","College graduate","$30,000 to $49,999","Personally own a gun","yes"
"405","Postgraduate study","$30,000 to $49,999","Not sure","yes"
"406","High school or less","$200,000 or more","Not sure","yes"
"407","High school or less","$30,000 to $49,999","Not sure","yes"
"408","High school or less","$50,000 to $99,999","Personally own a gun","yes"
"409","College graduate","Under $30,000","Not sure","yes"
"410","Postgraduate study","$200,000 or more","Not sure","yes"
"411","Postgraduate study","$100,000 to $199,000","Personally own a gun","yes"
"412","Some college","$50,000 to $99,999","Not sure","yes"
"413","College graduate","$100,000 to $199,000","No one in the household owns a gun","yes"
"414","High school or less","$200,000 or more","No one in the household owns a gun","yes"
"415","High school or less","$100,000 to $199,000","Don't personally own a gun, but someone in the household owns a gun","yes"
"416","Postgraduate study","$100,000 to $199,000","Not sure","yes"
"417","High school or less","$30,000 to $49,999","Personally own a gun","no"
"418","Some college","$200,000 or more","Personally own a gun","yes"
"419","High school or less","$100,000 to $199,000","Personally own a gun","yes"
"420","College graduate","Under $30,000","Not sure","yes"
"421","College graduate","$200,000 or more","Not sure","yes"
"422","High school or less","Under $30,000","Don't personally own a gun, but someone in the household owns a gun","yes"
"423","Postgraduate study","$50,000 to $99,999","No one in the household owns a gun","yes"
"424","High school or less","$100,000 to $199,000","Personally own a gun","no"
"425","High school or less","$50,000 to $99,999","No one in the household owns a gun","yes"
"426","High school or less","$30,000 to $49,999","No one in the household owns a gun","yes"
"427","Some college","$100,000 to $199,000","Personally own a gun","no"
"428","College graduate","$50,000 to $99,999","Not sure","yes"
"429","College graduate","$50,000 to $99,999","Personally own a gun","yes"
"430","College graduate","Under $30,000","Don't personally own a gun, but someone in the household owns a gun","yes"
"431","College graduate","$50,000 to $99,999","Personally own a gun","yes"
"432","Some college","$100,000 to $199,000","Don't personally own a gun, but someone in the household owns a gun","yes"
"433","High school or less","$200,000 or more","Don't personally own a gun, but someone in the household owns a gun","yes"
"434","High school or less","$50,000 to $99,999","Don't personally own a gun, but someone in the household owns a gun","no"
"435","Some college","$30,000 to $49,999","Not sure","yes"
"436","High school or less","$30,000 to $49,999","Not sure","no"
"437","College graduate","$50,000 to $99,999","Not sure","yes"
"438","Postgraduate study","$100,000 to $199,000","Personally own a gun","yes"
"439","High school or less","$30,000 to $49,999","Don't personally own a gun, but someone in the household owns a gun","no"
"440","Postgraduate study","$50,000 to $99,999","Don't personally own a gun, but someone in the household owns a gun","yes"
"441","Postgraduate study","$100,000 to $199,000","Don't personally own a gun, but someone in the household owns a gun","yes"
"442","Some college","$30,000 to $49,999","Not sure","yes"
"443","College graduate","$200,000 or more","No one in the household owns a gun","yes"
"444","College graduate","$30,000 to $49,999","Don't personally own a gun, but someone in the household owns a gun","yes"
"445","Some college","$50,000 to $99,999","Don't personally own a gun, but someone in the household owns a gun","yes"
"446","Postgraduate study","$50,000 to $99,999","Personally own a gun","yes"
"447","Postgraduate study","Under $30,000","Personally own a gun","yes"
"448","Some college","Under $30,000","No one in the household owns a gun","yes"
"449","High school or less","$50,000 to $99,999","Don't personally own a gun, but someone in the household owns a gun","no"
"450","High school or less","$200,000 or more","Personally own a gun","no"
"451","High school or less","Under $30,000","Personally own a gun","no"
"452","Some college","Under $30,000","Don't personally own a gun, but someone in the household owns a gun","no"
"453","College graduate","$100,000 to $199,000","No one in the household owns a gun","yes"
"454","College graduate","$30,000 to $49,999","No one in the household owns a gun","yes"
"455","College graduate","$200,000 or more","Don't personally own a gun, but someone in the household owns a gun","yes"
"456","Postgraduate study","$100,000 to $199,000","No one in the household owns a gun","yes"
"457","College graduate","$50,000 to $99,999","No one in the household owns a gun","yes"
"458","Postgraduate study","$50,000 to $99,999","Don't personally own a gun, but someone in the household owns a gun","yes"
"459","High school or less","$50,000 to $99,999","Don't personally own a gun, but someone in the household owns a gun","yes"
"460","College graduate","$30,000 to $49,999","Personally own a gun","yes"
"461","Some college","$200,000 or more","Don't personally own a gun, but someone in the household owns a gun","yes"
"462","Postgraduate study","Under $30,000","Not sure","yes"
"463","Postgraduate study","$50,000 to $99,999","Personally own a gun","yes"
"464","High school or less","$30,000 to $49,999","Not sure","yes"
"465","High school or less","$100,000 to $199,000","Personally own a gun","no"
"466","College graduate","$200,000 or more","No one in the household owns a gun","yes"
"467","Postgraduate study","$50,000 to $99,999","Not sure","yes"
"468","College graduate","$50,000 to $99,999","Personally own a gun","yes"
"469","Some college","Under $30,000","Don't personally own a gun, but someone in the household owns a gun","no"
"470","High school or less","$50,000 to $99,999","Not sure","yes"
"471","High school or less","$200,000 or more","Not sure","yes"
"472","Some college","Under $30,000","Personally own a gun","no"
"473","High school or less","Under $30,000","Not sure","no"
"474","Some college","$30,000 to $49,999","Not sure","yes"
"475","College graduate","$30,000 to $49,999","No one in the household owns a gun","yes"
"476","Some college","$30,000 to $49,999","Don't personally own a gun, but someone in the household owns a gun","no"
"477","Some college","Under $30,000","Don't personally own a gun, but someone in the household owns a gun","no"
"478","Postgraduate study","$100,000 to $199,000","Not sure","yes"
"479","College graduate","$200,000 or more","Not sure","yes"
"480","High school or less","$200,000 or more","Personally own a gun","yes"
"481","High school or less","$100,000 to $199,000","Personally own a gun","yes"
"482","Some college","$30,000 to $49,999","No one in the household owns a gun","no"
"483","Some college","$200,000 or more","No one in the household owns a gun","yes"
"484","Postgraduate study","$30,000 to $49,999","Personally own a gun","yes"
"485","High school or less","$50,000 to $99,999","Not sure","yes"
"486","High school or less","$50,000 to $99,999","Personally own a gun","no"
"487","Postgraduate study","Under $30,000","Not sure","yes"
"488","High school or less","$30,000 to $49,999","No one in the household owns a gun","yes"
"489","Some college","Under $30,000","No one in the household owns a gun","yes"
"490","High school or less","$50,000 to $99,999","Not sure","yes"
"491","College graduate","$200,000 or more","Not sure","yes"
"492","High school or less","$30,000 to $49,999","Don't personally own a gun, but someone in the household owns a gun","no"
"493","Postgraduate study","Under $30,000","Don't personally own a gun, but someone in the household owns a gun","yes"
"494","Some college","$100,000 to $199,000","Personally own a gun","yes"
"495","High school or less","$100,000 to $199,000","No one in the household owns a gun","yes"
"496","Postgraduate study","$50,000 to $99,999","No one in the household owns a gun","yes"
"497","Postgraduate study","Under $30,000","Don't personally own a gun, but someone in the household owns a gun","yes"
"498","College graduate","$30,000 to $49,999","Don't personally own a gun, but someone in the household owns a gun","yes"
"499","Some college","$30,000 to $49,999","Personally own a gun","yes"
"500","College graduate","Under $30,000","No one in the household owns a gun","no"
"501","Some college","$50,000 to $99,999","Personally own a gun","yes"
"502","High school or less","$50,000 to $99,999","Personally own a gun","no"
"503","High school or less","$50,000 to $99,999","No one in the household owns a gun","yes"
"504","Some college","$200,000 or more","Personally own a gun","yes"
"505","Postgraduate study","$30,000 to $49,999","Don't personally own a gun, but someone in the household owns a gun","yes"
"506","High school or less","$30,000 to $49,999","No one in the household owns a gun","yes"
"507","Postgraduate study","$100,000 to $199,000","Don't personally own a gun, but someone in the household owns a gun","yes"
"508","Some college","$100,000 to $199,000","Personally own a gun","yes"
"509","High school or less","$200,000 or more","Not sure","yes"
"510","Some college","$200,000 or more","Personally own a gun","yes"
"511","Some college","$100,000 to $199,000","No one in the household owns a gun","yes"
"512","College graduate","Under $30,000","Not sure","yes"
"513","Postgraduate study","$30,000 to $49,999","No one in the household owns a gun","yes"
"514","High school or less","Under $30,000","Not sure","yes"
"515","College graduate","$30,000 to $49,999","Personally own a gun","yes"
"516","College graduate","$200,000 or more","Not sure","yes"
"517","Postgraduate study","$100,000 to $199,000","Personally own a gun","yes"
"518","College graduate","$50,000 to $99,999","Not sure","yes"
"519","Some college","$200,000 or more","Don't personally own a gun, but someone in the household owns a gun","yes"
"520","College graduate","$200,000 or more","Not sure","yes"
"521","High school or less","$30,000 to $49,999","Not sure","yes"
"522","Some college","$200,000 or more","No one in the household owns a gun","yes"
"523","Some college","$100,000 to $199,000","Personally own a gun","yes"
"524","College graduate","$50,000 to $99,999","Not sure","yes"
"525","Some college","$100,000 to $199,000","Don't personally own a gun, but someone in the household owns a gun","yes"
"526","High school or less","$50,000 to $99,999","Not sure","yes"
"527","Postgraduate study","$200,000 or more","No one in the household owns a gun","yes"
"528","High school or less","$200,000 or more","No one in the household owns a gun","yes"
"529","High school or less","$50,000 to $99,999","No one in the household owns a gun","yes"
"530","Some college","$100,000 to $199,000","Personally own a gun","yes"
"531","High school or less","Under $30,000","Don't personally own a gun, but someone in the household owns a gun","no"
"532","High school or less","$30,000 to $49,999","No one in the household owns a gun","yes"
"533","College graduate","$200,000 or more","Personally own a gun","yes"
"534","College graduate","$100,000 to $199,000","Personally own a gun","yes"
"535","High school or less","$200,000 or more","Personally own a gun","yes"
"536","High school or less","$30,000 to $49,999","Don't personally own a gun, but someone in the household owns a gun","no"
"537","High school or less","$200,000 or more","Not sure","yes"
"538","Some college","Under $30,000","Don't personally own a gun, but someone in the household owns a gun","yes"
"539","Postgraduate study","$30,000 to $49,999","Personally own a gun","no"
"540","Some college","$30,000 to $49,999","Not sure","yes"
"541","High school or less","$50,000 to $99,999","Don't personally own a gun, but someone in the household owns a gun","no"
"542","High school or less","$100,000 to $199,000","No one in the household owns a gun","yes"
"543","Some college","$30,000 to $49,999","Personally own a gun","yes"
"544","College graduate","$100,000 to $199,000","Not sure","yes"
"545","Postgraduate study","$30,000 to $49,999","Personally own a gun","yes"
"546","High school or less","Under $30,000","Don't personally own a gun, but someone in the household owns a gun","no"
"547","High school or less","$100,000 to $199,000","Personally own a gun","yes"
"548","Some college","$30,000 to $49,999","Not sure","yes"
"549","Some college","Under $30,000","Personally own a gun","no"
"550","High school or less","$50,000 to $99,999","No one in the household owns a gun","yes"
"551","Some college","Under $30,000","No one in the household owns a gun","no"
"552","High school or less","Under $30,000","No one in the household owns a gun","no"
"553","College graduate","$100,000 to $199,000","Not sure","yes"
"554","Postgraduate study","$200,000 or more","Don't personally own a gun, but someone in the household owns a gun","yes"
"555","Postgraduate study","$50,000 to $99,999","No one in the household owns a gun","yes"
"556","High school or less","$30,000 to $49,999","Personally own a gun","no"
"557","High school or less","$200,000 or more","No one in the household owns a gun","yes"
"558","College graduate","$200,000 or more","No one in the household owns a gun","yes"
"559","College graduate","$200,000 or more","No one in the household owns a gun","yes"
"560","College graduate","Under $30,000","Not sure","yes"
"561","Some college","$50,000 to $99,999","No one in the household owns a gun","yes"
"562","High school or less","$50,000 to $99,999","Personally own a gun","no"
"563","College graduate","$30,000 to $49,999","Not sure","yes"
"564","Some college","$200,000 or more","Don't personally own a gun, but someone in the household owns a gun","yes"
"565","Some college","$200,000 or more","Personally own a gun","yes"
"566","College graduate","$50,000 to $99,999","Don't personally own a gun, but someone in the household owns a gun","yes"
"567","Some college","$30,000 to $49,999","Not sure","yes"
"568","Postgraduate study","$200,000 or more","Personally own a gun","yes"
"569","Postgraduate study","$50,000 to $99,999","Personally own a gun","yes"
"570","Some college","$30,000 to $49,999","Personally own a gun","no"
"571","College graduate","$30,000 to $49,999","Personally own a gun","no"
"572","High school or less","Under $30,000","No one in the household owns a gun","no"
"573","High school or less","$30,000 to $49,999","No one in the household owns a gun","yes"
"574","Postgraduate study","Under $30,000","No one in the household owns a gun","yes"
"575","Some college","$200,000 or more","No one in the household owns a gun","yes"
"576","High school or less","$200,000 or more","Personally own a gun","yes"
"577","College graduate","Under $30,000","No one in the household owns a gun","yes"
"578","Some college","Under $30,000","Don't personally own a gun, but someone in the household owns a gun","no"
"579","High school or less","$50,000 to $99,999","Not sure","yes"
"580","Postgraduate study","Under $30,000","Don't personally own a gun, but someone in the household owns a gun","no"
"581","Some college","$30,000 to $49,999","No one in the household owns a gun","no"
"582","Some college","Under $30,000","No one in the household owns a gun","yes"
"583","Postgraduate study","$200,000 or more","Not sure","yes"
"584","High school or less","$30,000 to $49,999","No one in the household owns a gun","yes"
"585","Some college","$30,000 to $49,999","No one in the household owns a gun","yes"
"586","High school or less","Under $30,000","Don't personally own a gun, but someone in the household owns a gun","no"
"587","Some college","$50,000 to $99,999","Personally own a gun","yes"
"588","College graduate","$30,000 to $49,999","Don't personally own a gun, but someone in the household owns a gun","yes"
"589","Some college","Under $30,000","Personally own a gun","no"
"590","College graduate","$50,000 to $99,999","Personally own a gun","yes"
"591","High school or less","$50,000 to $99,999","Personally own a gun","yes"
"592","Postgraduate study","$200,000 or more","Not sure","yes"
"593","Some college","$200,000 or more","Personally own a gun","yes"
"594","College graduate","$200,000 or more","Not sure","yes"
"595","College graduate","Under $30,000","Personally own a gun","yes"
"596","College graduate","Under $30,000","No one in the household owns a gun","yes"
"597","Some college","Under $30,000","No one in the household owns a gun","yes"
"598","Postgraduate study","$50,000 to $99,999","No one in the household owns a gun","yes"
"599","Postgraduate study","$200,000 or more","Don't personally own a gun, but someone in the household owns a gun","yes"
"600","Some college","$30,000 to $49,999","Don't personally own a gun, but someone in the household owns a gun","no"
"601","High school or less","$30,000 to $49,999","Don't personally own a gun, but someone in the household owns a gun","no"
"602","High school or less","$100,000 to $199,000","Not sure","yes"
"603","Postgraduate study","$50,000 to $99,999","No one in the household owns a gun","yes"
"604","High school or less","Under $30,000","No one in the household owns a gun","no"
"605","Postgraduate study","$200,000 or more","Don't personally own a gun, but someone in the household owns a gun","yes"
"606","College graduate","$200,000 or more","Personally own a gun","yes"
"607","Some college","$50,000 to $99,999","Personally own a gun","yes"
"608","College graduate","$50,000 to $99,999","No one in the household owns a gun","yes"
"609","Some college","Under $30,000","No one in the household owns a gun","yes"
"610","Some college","Under $30,000","Don't personally own a gun, but someone in the household owns a gun","yes"
"611","Postgraduate study","$100,000 to $199,000","Personally own a gun","yes"
"612","College graduate","$30,000 to $49,999","Personally own a gun","yes"
"613","Some college","$50,000 to $99,999","Not sure","yes"
"614","High school or less","$100,000 to $199,000","Not sure","yes"
"615","High school or less","$30,000 to $49,999","Don't personally own a gun, but someone in the household owns a gun","no"
"616","Postgraduate study","Under $30,000","No one in the household owns a gun","yes"
"617","Some college","$100,000 to $199,000","Don't personally own a gun, but someone in the household owns a gun","yes"
"618","Some college","$200,000 or more","No one in the household owns a gun","yes"
"619","College graduate","$30,000 to $49,999","Personally own a gun","yes"
"620","Some college","$30,000 to $49,999","Don't personally own a gun, but someone in the household owns a gun","yes"
"621","High school or less","$50,000 to $99,999","Not sure","yes"
"622","College graduate","$50,000 to $99,999","No one in the household owns a gun","yes"
"623","High school or less","$50,000 to $99,999","Don't personally own a gun, but someone in the household owns a gun","yes"
"624","Some college","Under $30,000","No one in the household owns a gun","no"
"625","High school or less","$50,000 to $99,999","Personally own a gun","yes"
"626","College graduate","Under $30,000","Not sure","yes"
"627","High school or less","Under $30,000","No one in the household owns a gun","no"
"628","College graduate","$30,000 to $49,999","Not sure","yes"
"629","High school or less","Under $30,000","Personally own a gun","no"
"630","Postgraduate study","$50,000 to $99,999","Not sure","yes"
"631","High school or less","$100,000 to $199,000","Personally own a gun","yes"
"632","High school or less","$100,000 to $199,000","Not sure","yes"
"633","High school or less","$200,000 or more","Don't personally own a gun, but someone in the household owns a gun","yes"
"634","High school or less","$50,000 to $99,999","Don't personally own a gun, but someone in the household owns a gun","no"
"635","High school or less","$100,000 to $199,000","Personally own a gun","yes"
"636","High school or less","$100,000 to $199,000","No one in the household owns a gun","yes"
"637","High school or less","$100,000 to $199,000","Not sure","yes"
"638","High school or less","Under $30,000","Personally own a gun","no"
"639","High school or less","Under $30,000","No one in the household owns a gun","no"
"640","College graduate","$200,000 or more","No one in the household owns a gun","yes"
"641","College graduate","Under $30,000","Personally own a gun","no"
"642","Postgraduate study","$200,000 or more","Not sure","yes"
"643","Postgraduate study","$30,000 to $49,999","Personally own a gun","yes"
"644","Some college","$100,000 to $199,000","No one in the household owns a gun","yes"
"645","Postgraduate study","Under $30,000","Don't personally own a gun, but someone in the household owns a gun","yes"
"646","High school or less","$100,000 to $199,000","Personally own a gun","no"
"647","Postgraduate study","$30,000 to $49,999","Personally own a gun","yes"
"648","Postgraduate study","$100,000 to $199,000","Not sure","yes"
"649","High school or less","$30,000 to $49,999","Not sure","yes"
"650","Postgraduate study","$50,000 to $99,999","Personally own a gun","yes"
"651","High school or less","Under $30,000","No one in the household owns a gun","no"
"652","College graduate","$200,000 or more","Don't personally own a gun, but someone in the household owns a gun","yes"
"653","College graduate","$30,000 to $49,999","No one in the household owns a gun","yes"
"654","High school or less","$100,000 to $199,000","Don't personally own a gun, but someone in the household owns a gun","no"
"655","High school or less","$200,000 or more","No one in the household owns a gun","yes"
"656","Postgraduate study","$50,000 to $99,999","Don't personally own a gun, but someone in the household owns a gun","yes"
"657","College graduate","$50,000 to $99,999","Personally own a gun","yes"
"658","Some college","$50,000 to $99,999","Don't personally own a gun, but someone in the household owns a gun","no"
"659","Some college","Under $30,000","No one in the household owns a gun","no"
"660","Postgraduate study","$100,000 to $199,000","Personally own a gun","yes"
"661","Postgraduate study","Under $30,000","Not sure","yes"
"662","Postgraduate study","Under $30,000","No one in the household owns a gun","yes"
"663","Postgraduate study","Under $30,000","Personally own a gun","no"
"664","High school or less","$50,000 to $99,999","No one in the household owns a gun","yes"
"665","Postgraduate study","Under $30,000","No one in the household owns a gun","yes"
"666","Some college","$200,000 or more","Personally own a gun","yes"
"667","College graduate","$30,000 to $49,999","Personally own a gun","yes"
"668","Postgraduate study","$30,000 to $49,999","No one in the household owns a gun","yes"
"669","Postgraduate study","$30,000 to $49,999","Personally own a gun","yes"
"670","High school or less","Under $30,000","Don't personally own a gun, but someone in the household owns a gun","no"
"671","Some college","Under $30,000","Don't personally own a gun, but someone in the household owns a gun","yes"
"672","High school or less","Under $30,000","No one in the household owns a gun","yes"
"673","Some college","$200,000 or more","Personally own a gun","yes"
"674","Postgraduate study","Under $30,000","Personally own a gun","no"
"675","High school or less","$100,000 to $199,000","No one in the household owns a gun","yes"
"676","High school or less","$200,000 or more","No one in the household owns a gun","yes"
"677","High school or less","$50,000 to $99,999","No one in the household owns a gun","yes"
"678","High school or less","$200,000 or more","No one in the household owns a gun","yes"
"679","College graduate","$50,000 to $99,999","Don't personally own a gun, but someone in the household owns a gun","yes"
"680","Postgraduate study","$50,000 to $99,999","Personally own a gun","yes"
"681","College graduate","$100,000 to $199,000","Not sure","yes"
"682","College graduate","Under $30,000","Not sure","yes"
"683","Postgraduate study","$200,000 or more","Not sure","yes"
"684","Postgraduate study","$50,000 to $99,999","No one in the household owns a gun","yes"
"685","High school or less","$50,000 to $99,999","No one in the household owns a gun","yes"
"686","High school or less","$30,000 to $49,999","Not sure","yes"
"687","High school or less","Under $30,000","No one in the household owns a gun","no"
"688","Postgraduate study","$30,000 to $49,999","Don't personally own a gun, but someone in the household owns a gun","yes"
"689","Some college","$50,000 to $99,999","Personally own a gun","no"
"690","High school or less","$200,000 or more","Not sure","yes"
"691","Postgraduate study","$30,000 to $49,999","Don't personally own a gun, but someone in the household owns a gun","yes"
"692","Postgraduate study","$50,000 to $99,999","Don't personally own a gun, but someone in the household owns a gun","yes"
"693","College graduate","Under $30,000","Don't personally own a gun, but someone in the household owns a gun","no"
"694","Some college","Under $30,000","Don't personally own a gun, but someone in the household owns a gun","no"
"695","Postgraduate study","$50,000 to $99,999","Not sure","yes"
"696","Some college","Under $30,000","Personally own a gun","yes"
"697","College graduate","$30,000 to $49,999","No one in the household owns a gun","yes"
"698","Postgraduate study","$200,000 or more","Personally own a gun","yes"
"699","College graduate","$30,000 to $49,999","Don't personally own a gun, but someone in the household owns a gun","yes"
"700","College graduate","$100,000 to $199,000","Personally own a gun","yes"
"701","Postgraduate study","$50,000 to $99,999","No one in the household owns a gun","yes"
"702","Postgraduate study","$100,000 to $199,000","Not sure","yes"
"703","College graduate","$200,000 or more","No one in the household owns a gun","yes"
"704","College graduate","$100,000 to $199,000","Not sure","yes"
"705","High school or less","$50,000 to $99,999","Don't personally own a gun, but someone in the household owns a gun","no"
"706","College graduate","$100,000 to $199,000","Personally own a gun","yes"
"707","Postgraduate study","Under $30,000","Personally own a gun","yes"
"708","Some college","$30,000 to $49,999","Not sure","yes"
"709","Some college","$50,000 to $99,999","Not sure","yes"
"710","College graduate","$50,000 to $99,999","Not sure","yes"
"711","Postgraduate study","Under $30,000","Personally own a gun","no"
"712","College graduate","$200,000 or more","Not sure","yes"
"713","Postgraduate study","$30,000 to $49,999","Don't personally own a gun, but someone in the household owns a gun","yes"
"714","Some college","$100,000 to $199,000","No one in the household owns a gun","yes"
"715","Postgraduate study","$30,000 to $49,999","Not sure","yes"
"716","Postgraduate study","$50,000 to $99,999","No one in the household owns a gun","yes"
"717","Postgraduate study","$30,000 to $49,999","Not sure","yes"
"718","Some college","$200,000 or more","Not sure","yes"
"719","High school or less","$200,000 or more","No one in the household owns a gun","yes"
"720","College graduate","$200,000 or more","Don't personally own a gun, but someone in the household owns a gun","yes"
"721","College graduate","$100,000 to $199,000","No one in the household owns a gun","yes"
"722","College graduate","$100,000 to $199,000","Not sure","yes"
"723","Some college","$200,000 or more","No one in the household owns a gun","yes"
"724","Postgraduate study","$100,000 to $199,000","No one in the household owns a gun","yes"
"725","High school or less","Under $30,000","No one in the household owns a gun","no"
"726","Some college","$30,000 to $49,999","Personally own a gun","no"
"727","Some college","$200,000 or more","Personally own a gun","yes"
"728","Postgraduate study","$200,000 or more","Don't personally own a gun, but someone in the household owns a gun","yes"
"729","Some college","$100,000 to $199,000","No one in the household owns a gun","yes"
"730","Some college","Under $30,000","Personally own a gun","yes"
"731","Some college","$200,000 or more","Not sure","yes"
"732","High school or less","$50,000 to $99,999","Personally own a gun","no"
"733","Postgraduate study","$30,000 to $49,999","Personally own a gun","no"
"734","Some college","$30,000 to $49,999","Not sure","yes"
"735","High school or less","$200,000 or more","No one in the household owns a gun","yes"
"736","College graduate","$100,000 to $199,000","Personally own a gun","yes"
"737","Postgraduate study","Under $30,000","Personally own a gun","yes"
"738","College graduate","$30,000 to $49,999","Not sure","yes"
"739","High school or less","$100,000 to $199,000","Personally own a gun","yes"
"740","Postgraduate study","$30,000 to $49,999","Not sure","yes"
"741","College graduate","$200,000 or more","No one in the household owns a gun","yes"
"742","Some college","$100,000 to $199,000","No one in the household owns a gun","yes"
"743","Postgraduate study","$50,000 to $99,999","No one in the household owns a gun","yes"
"744","Some college","$200,000 or more","Not sure","yes"
"745","High school or less","$100,000 to $199,000","Don't personally own a gun, but someone in the household owns a gun","yes"
"746","College graduate","$30,000 to $49,999","Not sure","yes"
"747","Some college","$50,000 to $99,999","Don't personally own a gun, but someone in the household owns a gun","no"
"748","High school or less","$100,000 to $199,000","Not sure","yes"
"749","College graduate","$200,000 or more","Personally own a gun","yes"
"750","Postgraduate study","$100,000 to $199,000","Not sure","yes"
"751","High school or less","$50,000 to $99,999","Don't personally own a gun, but someone in the household owns a gun","yes"
"752","Postgraduate study","$50,000 to $99,999","Not sure","yes"
"753","Postgraduate study","$50,000 to $99,999","Don't personally own a gun, but someone in the household owns a gun","yes"
"754","Postgraduate study","$100,000 to $199,000","Personally own a gun","yes"
"755","High school or less","$50,000 to $99,999","Personally own a gun","no"
"756","Postgraduate study","$100,000 to $199,000","Not sure","yes"
"757","Postgraduate study","$200,000 or more","Not sure","yes"
"758","Postgraduate study","$100,000 to $199,000","No one in the household owns a gun","yes"
"759","Some college","$50,000 to $99,999","Personally own a gun","yes"
"760","High school or less","$100,000 to $199,000","No one in the household owns a gun","yes"
"761","Postgraduate study","Under $30,000","Not sure","yes"
"762","High school or less","$200,000 or more","Personally own a gun","yes"
"763","High school or less","$30,000 to $49,999","Personally own a gun","no"
"764","Some college","$50,000 to $99,999","Personally own a gun","yes"
"765","High school or less","$200,000 or more","Don't personally own a gun, but someone in the household owns a gun","yes"
"766","Postgraduate study","$30,000 to $49,999","Not sure","yes"
"767","Postgraduate study","$50,000 to $99,999","Personally own a gun","yes"
"768","High school or less","$100,000 to $199,000","Not sure","yes"
"769","College graduate","$100,000 to $199,000","Not sure","yes"
"770","High school or less","Under $30,000","Don't personally own a gun, but someone in the household owns a gun","no"
"771","College graduate","$200,000 or more","Don't personally own a gun, but someone in the household owns a gun","yes"
"772","High school or less","$50,000 to $99,999","Not sure","yes"
"773","Some college","$50,000 to $99,999","Personally own a gun","no"
"774","Some college","$200,000 or more","Personally own a gun","yes"
"775","High school or less","Under $30,000","Don't personally own a gun, but someone in the household owns a gun","no"
"776","College graduate","$50,000 to $99,999","No one in the household owns a gun","yes"
"777","High school or less","$100,000 to $199,000","Not sure","yes"
"778","Some college","Under $30,000","No one in the household owns a gun","yes"
"779","College graduate","$200,000 or more","Not sure","yes"
"780","High school or less","$30,000 to $49,999","Don't personally own a gun, but someone in the household owns a gun","yes"
"781","Postgraduate study","$30,000 to $49,999","Don't personally own a gun, but someone in the household owns a gun","yes"
"782","High school or less","$30,000 to $49,999","No one in the household owns a gun","no"
"783","High school or less","$100,000 to $199,000","Don't personally own a gun, but someone in the household owns a gun","no"
"784","College graduate","Under $30,000","Not sure","yes"
"785","College graduate","$30,000 to $49,999","No one in the household owns a gun","yes"
"786","College graduate","Under $30,000","Not sure","yes"
"787","Postgraduate study","$50,000 to $99,999","Personally own a gun","yes"
"788","Postgraduate study","Under $30,000","No one in the household owns a gun","yes"
"789","College graduate","$30,000 to $49,999","Not sure","yes"
"790","College graduate","$50,000 to $99,999","Personally own a gun","yes"
"791","College graduate","$30,000 to $49,999","Don't personally own a gun, but someone in the household owns a gun","no"
"792","College graduate","$200,000 or more","Personally own a gun","yes"
"793","College graduate","$100,000 to $199,000","Personally own a gun","yes"
"794","College graduate","$50,000 to $99,999","Not sure","yes"
"795","Postgraduate study","$100,000 to $199,000","Not sure","yes"
"796","College graduate","$200,000 or more","Not sure","yes"
"797","High school or less","$30,000 to $49,999","No one in the household owns a gun","yes"
"798","Some college","$50,000 to $99,999","Not sure","yes"
"799","Postgraduate study","Under $30,000","No one in the household owns a gun","yes"
"800","Some college","$100,000 to $199,000","Not sure","yes"
